{"loudness_loss": 22.301000595092773, "binary_cross_entropy_loss": 0.6379399299621582, "_timestamp": 1720825385.131938, "_runtime": 470.48747086524963, "_step": 76, "_wandb": {"runtime": 472}}